"...1","Study name","Subgroup within study","Comparison","Outcome","Std diff in means","Std Err...7","Hedges's g","Std Err...9","Difference in means","Std Err...11","Liking","Ownership/attachment","Affect/Emotion","Competence/Accomplishment","3d-Printed","Student sample","Female","Age","Region","Customization","Usage type","Tangible create","Customization_binary","Customization X Tangible","Usage X Tangible","AI","AJ","AK","AL","AM","AN","AO","AP","AQ","AR","AS","AT","AU","AV","AW","cluster"
NA,NA,NA,NA,NA,NA,NA,NA,NA,NA,NA,NA,NA,NA,NA,NA,NA,NA,NA,NA,NA,NA,NA,NA,NA,NA,NA,NA,NA,NA,NA,NA,NA,NA,NA,NA,NA,NA,NA,NA,NA,NA
1,"Cloots (2019)",1,132,"Affect/Emotion",0.52971430038007,0.271907896039843,0.522322938049185,0.26811383237417,0.609999999999999,0.30776846584962,NA,NA,0.53,NA,"Blank","Blank",NA,NA,"Blank","Blank","Blank","Blank","Blank","Blank","Blank",NA,NA,NA,NA,NA,NA,NA,NA,NA,NA,NA,NA,NA,NA,NA,"Cloots (2019)"
2,"Cloots (2019)",1,132,"Competence",0.77959163334307,0.277227393687064,0.768713610552237,0.273359104472826,1.01,0.346250322330948,NA,NA,NA,0.78,"Blank","Blank",NA,NA,"Blank","Blank","Blank","Blank","Blank","Blank","Blank",NA,NA,NA,NA,NA,NA,NA,NA,NA,NA,NA,NA,NA,NA,NA,"Cloots (2019)"
3,"Cloots (2019)",1,132,"Owndership/Attachment",0.844502771757944,0.27891987026978,0.832719012152019,0.275027965103225,1.19,0.376601342839575,NA,0.845,NA,NA,"Blank","Blank",NA,NA,"Blank","Blank","Blank","Blank","Blank","Blank","Blank",NA,NA,NA,NA,NA,NA,NA,NA,NA,NA,NA,NA,NA,NA,NA,"Cloots (2019)"
4,"Maiz et al. (2019)",1,152,"Affect/Emotion",0.576140235857722,0.193737387523499,0.572166854920772,0.192401267609544,0.4,0.131800760567302,NA,NA,0.576,NA,"Blank","Blank",NA,NA,"Blank","Blank","Blank","Blank","Blank","Blank","Blank",NA,NA,NA,NA,NA,NA,NA,NA,NA,NA,NA,NA,NA,NA,NA,"Maiz et al. (2019)"
5,"Atakan et al. (2014b) - Study 2",2,146,"Affect/Emotion",1.23991292980037,0.183907416654722,1.2332106977474,0.182913322510643,NA,NA,NA,NA,1.24,NA,"Blank","Blank",NA,NA,"Blank","Blank","Blank","Blank","Blank","Blank","Blank",NA,NA,NA,NA,NA,NA,NA,NA,NA,NA,NA,NA,NA,NA,NA,"Atakan et al. (2014b)"
6,"Atakan et al. (2014b) - Study 2",2,146,"Owndership/Attachment",0.368637694415102,0.169859100602692,0.366645058229074,0.168940943302137,NA,NA,NA,0.369,NA,NA,"Blank","Blank",NA,NA,"Blank","Blank","Blank","Blank","Blank","Blank","Blank",NA,NA,NA,NA,NA,NA,NA,NA,NA,NA,NA,NA,NA,NA,NA,"Atakan et al. (2014b)"
7,"Franke & Piller (2004) - Study 3",3,135,"Competence",2.02416255802618,0.228348965980337,2.01081643126996,0.226843368402445,2.64,0.242191858970784,NA,NA,NA,2.024,"Blank","Blank",NA,NA,"Blank","Blank","Blank","Blank","Blank","Blank","Blank",NA,NA,NA,NA,NA,NA,NA,NA,NA,NA,NA,NA,NA,NA,NA,"Franke & Piller (2004)"
8,"Franke & Piller (2004) - Study 3",3,135,"Liking",1.31053985341925,0.204660302100908,1.30189893130879,0.203310893515628,1.29,0.182784968822894,1.311,NA,NA,NA,"Blank","Blank",NA,NA,"Blank","Blank","Blank","Blank","Blank","Blank","Blank",NA,NA,NA,NA,NA,NA,NA,NA,NA,NA,NA,NA,NA,NA,NA,"Franke & Piller (2004)"
9,"Monnier et al. (2022) - Study 4",4,119,"Owndership/Attachment",1.01711098729379,0.14106790641381,1.01371684606812,0.140597157004198,1.53,0.199684505077584,NA,NA,NA,NA,"Blank","Blank",NA,NA,"Blank","Blank","Blank","Blank","Blank","Blank","Blank",NA,NA,NA,NA,NA,NA,NA,NA,NA,NA,NA,NA,NA,NA,NA,"Monnier et al. (2022)"
10,"Erkin et al. (2018) - Study 3",3,140,"Owndership/Attachment",0.526,0.20342905397214,0.521964194373402,0.201868217240896,NA,NA,NA,0.526,NA,NA,"Blank","Blank",NA,NA,"Blank","Blank","Blank","Blank","Blank","Blank","Blank",NA,NA,NA,NA,NA,NA,NA,NA,NA,NA,NA,NA,NA,NA,NA,"Erkin et al. (2018)"
11,"Franke & Piller (2004) - Study 5",5,135,"Liking",0.620633003099912,0.25399998885419,0.613215078760073,0.250964132413702,0.65,0.259838326056474,0.621,NA,NA,NA,"Blank","Blank",NA,NA,"Blank","Blank","Blank","Blank","Blank","Blank","Blank",NA,NA,NA,NA,NA,NA,NA,NA,NA,NA,NA,NA,NA,NA,NA,"Franke & Piller (2004)"
12,"Erkin et al. (2018) - Study 1",1,140,"Owndership/Attachment",0.859205705546957,0.240072037799768,0.850468020405802,0.237630627245872,NA,NA,NA,0.859,NA,NA,"Blank","Blank",NA,NA,"Blank","Blank","Blank","Blank","Blank","Blank","Blank",NA,NA,NA,NA,NA,NA,NA,NA,NA,NA,NA,NA,NA,NA,NA,"Erkin et al. (2018)"
13,"Diefenbach et al. (2018)",1,130,"Owndership/Attachment",0.732532433345259,0.200666387060134,0.72723701816445,0.199215786671748,NA,NA,NA,0.733,NA,NA,"Blank","Blank",NA,NA,"Blank","Blank","Blank","Blank","Blank","Blank","Blank",NA,NA,NA,NA,NA,NA,NA,NA,NA,NA,NA,NA,NA,NA,NA,"Diefenbach et al. (2018)"
14,"Diefenbach et al. (2018)",2,130,"Owndership/Attachment",0.365806482108971,0.172926948006625,0.363755230807426,0.171957264186027,NA,NA,NA,0.366,NA,NA,"Blank","Blank",NA,NA,"Blank","Blank","Blank","Blank","Blank","Blank","Blank",NA,NA,NA,NA,NA,NA,NA,NA,NA,NA,NA,NA,NA,NA,NA,"Diefenbach et al. (2018)"
15,"Brunner et al. (2022)",1,126,"Owndership/Attachment",0.482142857142857,0.0910980381519545,0.481410488245931,0.0909596613851414,0.54,0.100578969134994,NA,0.482,NA,NA,"Blank","Blank",NA,NA,"Blank","Blank","Blank","Blank","Blank","Blank","Blank",NA,NA,NA,NA,NA,NA,NA,NA,NA,NA,NA,NA,NA,NA,NA,"Brunner et al. (2022)"
16,"Atakan et al. (2014a) - Study 4",4,145,"Owndership/Attachment",0.875171041639034,0.174524174128435,0.870540507027187,0.173600765799713,NA,NA,NA,0.875,NA,NA,"Blank","Blank",NA,NA,"Blank","Blank","Blank","Blank","Blank","Blank","Blank",NA,NA,NA,NA,NA,NA,NA,NA,NA,NA,NA,NA,NA,NA,NA,"Atakan et al. (2014a)"
17,"Atakan et al. (2014a) - Study 3",3,145,"Owndership/Attachment",0.995302670774882,0.191978246975609,0.989069042356668,0.190775877996639,NA,NA,NA,0.995,NA,NA,"Blank","Blank",NA,NA,"Blank","Blank","Blank","Blank","Blank","Blank","Blank",NA,NA,NA,NA,NA,NA,NA,NA,NA,NA,NA,NA,NA,NA,NA,"Atakan et al. (2014a)"
18,"Atakan et al. (2014a) - Study 1",1,145,"Owndership/Attachment",1.02766031074753,0.246195044629253,1.01706587455426,0.243656951385653,NA,NA,NA,1.028,NA,NA,"Blank","Blank",NA,NA,"Blank","Blank","Blank","Blank","Blank","Blank","Blank",NA,NA,NA,NA,NA,NA,NA,NA,NA,NA,NA,NA,NA,NA,NA,"Atakan et al. (2014a)"
19,"Atakan et al. (2014a) - Study 2",2,145,"Owndership/Attachment",1.26767127159615,0.216029741139047,1.25823451275052,0.21442157929434,NA,NA,NA,1.268,NA,NA,"Blank","Blank",NA,NA,"Blank","Blank","Blank","Blank","Blank","Blank","Blank",NA,NA,NA,NA,NA,NA,NA,NA,NA,NA,NA,NA,NA,NA,NA,"Atakan et al. (2014a)"
20,"Sarstedt et al. (2016)",1,107,"Owndership/Attachment",3.03757794427177,0.476098173306038,2.97385253285348,0.466110099740177,2.52,0.269160488224131,NA,NA,NA,NA,"Blank","Blank",NA,NA,"Blank","Blank","Blank","Blank","Blank","Blank","Blank",NA,NA,NA,NA,NA,NA,NA,NA,NA,NA,NA,NA,NA,NA,NA,"Sarstedt et al. (2016)"
21,"Ling et al. (2020) - Study 1",1,109,"Valuation",0.302041313243685,0.133500682325147,0.301033388950325,0.133055185053762,0.29,0.127453841335748,NA,NA,NA,NA,"0","Yes","37","22.44","East Asia","2","More hedonic","Digital","2","Digital with","Hedonic and digital",NA,NA,NA,NA,NA,NA,NA,NA,NA,NA,NA,NA,NA,NA,NA,"Ling et al. (2020)"
22,"Ling et al. (2020) - Study 2",2,109,"Valuation",0.472028018230111,0.157376940354692,0.469866057841271,0.156656129940854,0.44,0.144697440881276,NA,NA,NA,NA,"0","Yes","65.06","20.420000000000002","East Asia","2","More hedonic","Digital","2","Digital with","Hedonic and digital",NA,NA,NA,NA,NA,NA,NA,NA,NA,NA,NA,NA,NA,NA,NA,"Ling et al. (2020)"
23,"Franke et al. (2010b)",1,142,"Valuation",0.626490005080359,0.150201385659187,0.623932903018807,0.149588318778945,4.86,1.13761588089878,NA,NA,NA,NA,"0","Yes","50","23","N/A","2","More hedonic","Digital","2","Digital with","Hedonic and digital",NA,NA,NA,NA,NA,NA,NA,NA,NA,NA,NA,NA,NA,NA,NA,"Franke et al. (2010b)"
24,"Predmore et al. (2021)",1,138,"Valuation",0.537564792776414,0.224229414683615,0.532571930924001,0.222146788541043,NA,NA,NA,NA,NA,NA,"0","Yes","48.99","20.7","N/A","1","More utalitarian","Physical","1","Physical without","Utalitarian and physical",NA,NA,NA,NA,NA,NA,NA,NA,NA,NA,NA,NA,NA,NA,NA,"Predmore et al. (2021)"
25,"Herd & Moreau (2012)",2,137,"Valuation",0.780992138506586,0.219945841411108,0.774240045090103,0.218044292349917,NA,NA,NA,NA,NA,NA,"0","N/A","N/A","N/A","North America","3","More hedonic","Digital","2","Digital with","Hedonic and digital",NA,NA,NA,NA,NA,NA,NA,NA,NA,NA,NA,NA,NA,NA,NA,"Herd & Moreau (2012)"
26,"Mochon et al. (2012) - Study 1",1,102,"Affect/Emotion",0.60697175118149,0.230158128883666,0.601040431137371,0.227909026647018,0.5,0.18537568616635,NA,NA,0.607,NA,"0","Yes","58.23","21.74","North America","1","More hedonic","Physical","1","Physical without","Hedonic and physical",NA,NA,NA,NA,NA,NA,NA,NA,NA,NA,NA,NA,NA,NA,NA,"Mochon et al. (2012)"
27,"Mochon et al. (2012) - Study 1",1,102,"Competence",1.11846988772852,0.241988818407824,1.10754021455854,0.239624106827291,1.58,0.3178952489066,NA,NA,NA,1.118,"0","Yes","58.23","21.74","North America","1","More hedonic","Physical","1","Physical without","Hedonic and physical",NA,NA,NA,NA,NA,NA,NA,NA,NA,NA,NA,NA,NA,NA,NA,"Mochon et al. (2012)"
28,"Mochon et al. (2012) - Study 1",1,102,"Valuation",0.573169454941113,0.229608986219853,0.567568450495434,0.22736525019816,0.63,0.247348202002022,NA,NA,0.607,1.118,"0","Yes","58.23","21.74","North America","1","More hedonic","Physical","1","Physical without","Hedonic and physical",NA,NA,NA,NA,NA,NA,NA,NA,NA,NA,NA,NA,NA,NA,NA,"Mochon et al. (2012)"
29,"Atakan et al. (2014b) - Study 2",2,146,"Valuation",0.30188284351016,0.169391230249488,0.300251044356051,0.168475601977869,NA,NA,NA,0.369,1.24,NA,"0","Yes","65.959999999999994","21.2","North America","3","More hedonic","Physical","2","Physical with","Hedonic and physical",NA,NA,NA,NA,NA,NA,NA,NA,NA,NA,NA,NA,NA,NA,NA,"Atakan et al. (2014b)"
30,"Monnier et al. (2022) - Study 2",2,119,"Consumption",-0.312521015859653,0.151673143872039,-0.311172004280403,0.151018439653886,-0.819999999999999,0.395556282628999,NA,NA,NA,-0.313,"0","Yes","N/A","N/A","North America","1","More hedonic","Physical","1","Physical without","Hedonic and physical",NA,NA,NA,NA,NA,NA,NA,NA,NA,NA,NA,NA,NA,NA,NA,"Monnier et al. (2022)"
31,"Monnier et al. (2022) - Study 3",3,119,"Consumption",-0.177834585998958,0.131851410735795,-0.177251521782568,0.131419111028464,-0.46,0.340384424060981,NA,NA,NA,-0.178,"0","Yes","63.09","N/A","North America","1","More hedonic","Physical","1","Physical without","Hedonic and physical",NA,NA,NA,NA,NA,NA,NA,NA,NA,NA,NA,NA,NA,NA,NA,"Monnier et al. (2022)"
32,"Monnier et al. (2022) - Study 1",1,119,"Consumption",-0.1150233452841,0.157264721091151,-0.11448332957854,0.156526389067249,-0.27,0.368850399598469,NA,NA,NA,-0.115,"0","Yes","N/A","N/A","North America","1","More hedonic","Physical","1","Physical without","Hedonic and physical",NA,NA,NA,NA,NA,NA,NA,NA,NA,NA,NA,NA,NA,NA,NA,"Monnier et al. (2022)"
33,"Monnier et al. (2022) - Study 4",4,119,"Consumption",-0.0596788612653446,0.132775495505675,-0.0594797104491087,0.132332418212553,-0.14,0.311407300030204,NA,1.017,NA,-0.06,"0","Yes","75.77","N/A","North America","1","More hedonic","Physical","1","Physical without","Hedonic and physical",NA,NA,NA,NA,NA,NA,NA,NA,NA,NA,NA,NA,NA,NA,NA,"Monnier et al. (2022)"
34,"Atakan et al. (2014a) - Study 4",4,145,"Valuation",0.358596707526225,0.168064649482414,0.356699370449366,0.167175418532772,NA,NA,NA,0.875,NA,NA,"0","Yes","N/A","N/A","North America","3","More hedonic","Physical","2","Physical with","Hedonic and physical",NA,NA,NA,NA,NA,NA,NA,NA,NA,NA,NA,NA,NA,NA,NA,"Atakan et al. (2014a)"
35,"Atakan et al. (2014a) - Study 3",3,145,"Valuation",0.382981457087831,0.182747982587456,0.380582825832584,0.181603423197555,NA,NA,NA,0.995,NA,NA,"0","Yes","65.569999999999993","19.8","North America","3","More hedonic","Physical","2","Physical with","Hedonic and physical",NA,NA,NA,NA,NA,NA,NA,NA,NA,NA,NA,NA,NA,NA,NA,"Atakan et al. (2014a)"
36,"Atakan et al. (2014a) - Study 1",1,145,"Valuation",1.01377300925094,0.245810902931501,1.00332174111434,0.243276769911589,NA,NA,NA,1.028,NA,NA,"0","Yes","56","19.899999999999999","North America","1","More hedonic","Physical","1","Physical without","Hedonic and physical",NA,NA,NA,NA,NA,NA,NA,NA,NA,NA,NA,NA,NA,NA,NA,"Atakan et al. (2014a)"
37,"Herd & Moreau (2012)",1,137,"Valuation",0.0497342981494156,0.203111414255244,0.0493406229661749,0.201503672189899,NA,NA,NA,NA,NA,NA,"0","N/A","N/A","N/A","North America","3","More hedonic","Physical","2","Physical with","Hedonic and physical",NA,NA,NA,NA,NA,NA,NA,NA,NA,NA,NA,NA,NA,NA,NA,"Herd & Moreau (2012)"
38,"Morton et al. (2011) - Study 3",3,101,"Valuation",0.341339346600489,0.185450808379336,0.33912764457068,0.184249183271047,0.21,0.113271834427523,NA,NA,NA,NA,"0","Yes","58.47","19.7","North America","1","More hedonic","Physical","1","Physical without","Hedonic and physical",NA,NA,NA,NA,NA,NA,NA,NA,NA,NA,NA,NA,NA,NA,NA,"Morton et al. (2011)"
39,"Morton et al. (2011) - Study 2",2,101,"Valuation",0.980522479265118,0.205598807127351,0.973434364957177,0.204112550690286,0.18,0.0356608765064398,NA,NA,NA,NA,"0","Yes","33.020000000000003","23.4","North America","1","More hedonic","Physical","1","Physical without","Hedonic and physical",NA,NA,NA,NA,NA,NA,NA,NA,NA,NA,NA,NA,NA,NA,NA,"Morton et al. (2011)"
40,"Brunner et al. (2022)",1,126,"Valuation",-0.0304220140161214,0.0898078453792883,-0.0303758033619197,0.0896714283989654,-0.170000000000002,0.501822485000038,NA,0.482,NA,NA,"0","No","55.04","39.11","North America","1","More utalitarian","Digital","1","Digital without","Utalitarian and digital",NA,NA,NA,NA,NA,NA,NA,NA,NA,NA,NA,NA,NA,NA,NA,"Brunner et al. (2022)"
41,"Herd & Moreau (2012)",3,137,"Valuation",0.419706058000062,0.223281420031384,0.415758979084701,0.221181594764631,NA,NA,NA,NA,NA,NA,"0","N/A","N/A","N/A","North America","3","More utalitarian","Digital","2","Digital with","Utalitarian and digital",NA,NA,NA,NA,NA,NA,NA,NA,NA,NA,NA,NA,NA,NA,NA,"Herd & Moreau (2012)"
42,"Mochon et al. (2012) - Study 2",2,102,"Competence",0.759783388285006,0.178239433001174,0.755490826769271,0.17723243055484,1.01,0.22882665194878,NA,NA,NA,0.76,"0","Yes","N/A","20.57","North America","1","More utalitarian","Physical","1","Physical without","Utalitarian and physical",NA,NA,NA,NA,NA,NA,NA,NA,NA,NA,NA,NA,NA,NA,NA,"Mochon et al. (2012)"
43,"Mochon et al. (2012) - Study 2",2,102,"Valuation",0.546827703326013,0.175324667283592,0.543738281273324,0.174334132440182,0.26,0.0818460766217417,NA,NA,NA,0.76,"0","Yes","N/A","20.57","North America","1","More utalitarian","Physical","1","Physical without","Utalitarian and physical",NA,NA,NA,NA,NA,NA,NA,NA,NA,NA,NA,NA,NA,NA,NA,"Mochon et al. (2012)"
44,"Morton et al. (2011) - Study 1",1,101,"Liking",0.987097181714574,0.296671696959321,0.971911071226657,0.292107517006101,1.31,0.371740426984939,0.987,NA,NA,NA,"0","Yes","61.54","19.899999999999999","North America","1","More utalitarian","Physical","1","Physical without","Utalitarian and physical",NA,NA,NA,NA,NA,NA,NA,NA,NA,NA,NA,NA,NA,NA,NA,"Morton et al. (2011)"
45,"Morton et al. (2011) - Study 1",1,101,"Valuation",0.566070638085436,0.285662506382512,0.557361859037968,0.281267698592012,0.3,0.14844960136163,0.987,NA,NA,NA,"0","Yes","61.54","19.899999999999999","North America","1","More utalitarian","Physical","1","Physical without","Utalitarian and physical",NA,NA,NA,NA,NA,NA,NA,NA,NA,NA,NA,NA,NA,NA,NA,"Morton et al. (2011)"
46,"Atakan et al. (2014a) - Study 2",2,145,"Valuation",0.501745472194742,0.200224885358891,0.498010394237957,0.198734377527435,NA,NA,NA,1.268,NA,NA,"0","Yes","N/A","N/A","North America","2","More utalitarian","Physical","2","Physical with","Utalitarian and physical",NA,NA,NA,NA,NA,NA,NA,NA,NA,NA,NA,NA,NA,NA,NA,"Atakan et al. (2014a)"
47,"Morton et al. (2011) - Study 4",4,101,"Valuation",0.75354088272062,0.331528840448388,0.738162497358975,0.32476294574536,0.87,0.369873262673807,NA,NA,NA,NA,"0","Yes","58.97","21.5","North America","1","More utalitarian","Physical","1","Physical without","Utalitarian and physical",NA,NA,NA,NA,NA,NA,NA,NA,NA,NA,NA,NA,NA,NA,NA,"Morton et al. (2011)"
48,"Erol (2022)",1,120,"Valuation",1.01718962052099,0.318584974258493,0.999344188582027,0.312995764183783,2.2456,0.662295393512715,NA,NA,NA,NA,"0","Yes","62.22","21","Other","3","More hedonic","Physical","2","Physical with","Hedonic and physical",NA,NA,NA,NA,NA,NA,NA,NA,NA,NA,NA,NA,NA,NA,NA,"Erol (2022)"
49,"Fink & Geldman (2017)",1,129,"Valuation",0.206472956387547,0.317069217240483,0.202370844671238,0.310769828818487,0.0949999999999998,0.145499140890934,NA,NA,NA,NA,"0","Yes","46.25","24.6","Other","3","More utalitarian","Digital","2","Digital with","Utalitarian and digital",NA,NA,NA,NA,NA,NA,NA,NA,NA,NA,NA,NA,NA,NA,NA,"Fink & Geldman (2017)"
50,"Rusho & Raban (2019)",1,114,"Valuation",0.63944837586039,0.231647149917067,0.633358391328387,0.229440986584523,1293.1,457.289831038638,NA,NA,NA,NA,"0","Yes","N/A","26","Other","3","More utalitarian","Digital","2","Digital with","Utalitarian and digital",NA,NA,NA,NA,NA,NA,NA,NA,NA,NA,NA,NA,NA,NA,NA,"Rusho & Raban (2019)"
51,"Rusho & Raban (2018)",1,111,"Valuation",0.7238850531456,0.218845536712999,0.717626680928203,0.216953500372541,1354,396.562335093448,NA,NA,NA,NA,"0","Yes","N/A","N/A","Other","3","More utalitarian","Digital","2","Digital with","Utalitarian and digital",NA,NA,NA,NA,NA,NA,NA,NA,NA,NA,NA,NA,NA,NA,NA,"Rusho & Raban (2018)"
52,"Rusho & Raban (2021)",1,136,"Valuation",2.67675667614924,0.292363701570387,2.65361468759464,0.289836061499173,1353.74,107.549605891027,NA,NA,NA,NA,"0","No","N/A","N/A","Other","3","More utalitarian","Digital","2","Digital with","Utalitarian and digital",NA,NA,NA,NA,NA,NA,NA,NA,NA,NA,NA,NA,NA,NA,NA,"Rusho & Raban (2021)"
53,"Wiecek et al. (2020) - Study 4",4,127,"Valuation",0.254723605816655,0.140594711251047,0.253776677913991,0.140072054331898,NA,NA,0.197,NA,NA,NA,"1","No","32.35","29.43","West Europe","1","Equal","Digital","1","Digital without","Blank",NA,NA,NA,NA,NA,NA,NA,NA,NA,NA,NA,NA,NA,NA,NA,"Wiecek et al. (2020)"
54,"Erkin et al. (2018) - Study 4",4,140,"Liking",1.16855979798941,0.214264954193344,1.15977363409475,0.212653939500161,1.505,0.255044209931549,1.169,NA,NA,NA,"1","No","50","19.5","West Europe","1","Equal","Digital","1","Digital without","Blank",NA,NA,NA,NA,NA,NA,NA,NA,NA,NA,NA,NA,NA,NA,NA,"Erkin et al. (2018)"
55,"Diefenbach et al. (2018)",2,130,"Valuation",0.354837019381093,0.172842895665604,0.352847279085498,0.171873683166544,49.09,23.7260068279515,NA,0.366,NA,NA,"0","No","68.38","27.58","West Europe","2","Equal","Digital","2","Digital with","Blank",NA,NA,NA,NA,NA,NA,NA,NA,NA,NA,NA,NA,NA,NA,NA,"Diefenbach et al. (2018)"
56,"Franke et al. (2010a) - Study 5",5,135,"Valuation",0.624460418220482,0.254072139260881,0.616996747883185,0.251035420464934,11.13,4.42196161121299,0.621,NA,NA,NA,"0","Yes","36.92","23.7","West Europe","3","Equal","Digital","2","Digital with","Blank",NA,NA,NA,NA,NA,NA,NA,NA,NA,NA,NA,NA,NA,NA,NA,"Franke et al. (2010a)"
57,"Cloots (2019)",1,132,"Liking",0.52971430038007,0.271907896039843,0.522322938049185,0.26811383237417,0.609999999999999,0.30776846584962,0.53,NA,NA,NA,"0","Yes","46.51","21.03","West Europe","3","More hedonic","Digital","2","Digital with","Hedonic and digital",NA,NA,NA,NA,NA,NA,NA,NA,NA,NA,NA,NA,NA,NA,NA,"Cloots (2019)"
58,"Cloots (2019)",1,132,"Valuation",-0.138266579688743,0.267580389240098,-0.136337278576807,0.263846709390236,-0.454999999999999,0.8794884877018,0.53,0.445,0.53,0.78,"0","Yes","46.51","21.03","West Europe","3","More hedonic","Digital","2","Digital with","Hedonic and digital",NA,NA,NA,NA,NA,NA,NA,NA,NA,NA,NA,NA,NA,NA,NA,"Cloots (2019)"
59,"Erkin et al. (2018) - Study 3",3,140,"Liking",0.190709830245382,0.200454112446617,0.189246583466006,0.198916101353677,0.26,0.272665546044967,0.191,NA,NA,NA,"1","Yes","26","19.03","West Europe","1","More hedonic","Digital","1","Digital without","Hedonic and digital",NA,NA,NA,NA,NA,NA,NA,NA,NA,NA,NA,NA,NA,NA,NA,"Erkin et al. (2018)"
60,"Wiecek et al. (2020) - Study 3",3,127,"Valuation",0.456599301943412,0.169417700370262,0.454166268362897,0.168514941753725,NA,NA,0.278,NA,NA,NA,"1","No","31.47","24.18","West Europe","1","More hedonic","Digital","1","Digital without","Hedonic and digital",NA,NA,NA,NA,NA,NA,NA,NA,NA,NA,NA,NA,NA,NA,NA,"Wiecek et al. (2020)"
61,"Franke et al. (2009) - Study 2",2,143,"Valuation3",0.549434988383679,0.143707802166887,0.547361648804872,0.143165508573805,71.02,18.2348291115096,NA,NA,NA,NA,"0","No","N/A","N/A","West Europe","2","More hedonic","Digital","2","Digital with","Hedonic and digital",NA,NA,NA,NA,NA,NA,NA,NA,NA,NA,NA,NA,NA,NA,NA,"Franke et al. (2009)"
62,"Franke et al. (2009) - Study 2",2,143,"Valuation4",1.08465920855054,0.148167989079096,1.08072453185689,0.147630499396826,1.05,0.133923815915996,NA,NA,NA,NA,"0","No","N/A","N/A","West Europe","2","More hedonic","Digital","2","Digital with","Hedonic and digital",NA,NA,NA,NA,NA,NA,NA,NA,NA,NA,NA,NA,NA,NA,NA,"Franke et al. (2009)"
63,"Franke et al. (2010a) - Study 3",3,135,"Valuation",0.563261262022692,0.189341682220987,0.559547451503861,0.188093275525025,28.53,9.40573825220357,1.311,NA,NA,2.024,"0","Yes","54.31","23.6","West Europe","3","More hedonic","Digital","2","Digital with","Hedonic and digital",NA,NA,NA,NA,NA,NA,NA,NA,NA,NA,NA,NA,NA,NA,NA,"Franke et al. (2010a)"
64,"Franke & Piller (2004) - Study 1",1,144,"Valuation",0.717740774888057,0.160637420432864,0.714433213713458,0.159897155822575,27,5.85722820019766,NA,NA,NA,NA,"0","Yes","N/A","N/A","West Europe","2","More hedonic","Digital","2","Digital with","Hedonic and digital",NA,NA,NA,NA,NA,NA,NA,NA,NA,NA,NA,NA,NA,NA,NA,"Franke & Piller (2004)"
65,"Franke et al. (2010a) - Study 4",4,135,"Valuation",0.843635501205641,0.184373194386544,0.838643575163004,0.183282228739286,3.42,0.716458580525907,NA,NA,NA,NA,"0","Yes","45.74","22.8","West Europe","3","More hedonic","Digital","2","Digital with","Hedonic and digital",NA,NA,NA,NA,NA,NA,NA,NA,NA,NA,NA,NA,NA,NA,NA,"Franke et al. (2010a)"
66,"Schreier (2006)",1,149,"Valuation1",1.03591610275432,0.274971546587789,1.02246264687439,0.271400487541195,7.7,1.9192012227313,NA,NA,NA,NA,"0","Yes","49.19","23","West Europe","2","More hedonic","Digital","2","Digital with","Hedonic and digital",NA,NA,NA,NA,NA,NA,NA,NA,NA,NA,NA,NA,NA,NA,NA,"Schreier (2006)"
67,"Schreier (2006)",1,149,"Valuation2",0.982354722796892,0.267011720502267,0.970226886712979,0.263715279508412,6.8,1.74619706014994,NA,NA,NA,NA,"0","Yes","49.19","23","West Europe","2","More hedonic","Digital","2","Digital with","Hedonic and digital",NA,NA,NA,NA,NA,NA,NA,NA,NA,NA,NA,NA,NA,NA,NA,"Schreier (2006)"
68,"Schreier (2006)",1,149,"Valuation3",0.70684215702121,0.261940019732968,0.697969661326383,0.258652069694479,5.2,1.86956740762848,NA,NA,NA,NA,"0","Yes","49.19","23","West Europe","2","More hedonic","Digital","2","Digital with","Hedonic and digital",NA,NA,NA,NA,NA,NA,NA,NA,NA,NA,NA,NA,NA,NA,NA,"Schreier (2006)"
69,"Franke et al. (2010a) - Study 2",2,135,"Valuation5",0.624584487488698,0.243651479769151,0.617770838534276,0.240993463626215,2.1,0.800034116185389,NA,NA,NA,NA,"0","Yes","47.27","22.8","West Europe","3","More hedonic","Digital","2","Digital with","Hedonic and digital",NA,NA,NA,NA,NA,NA,NA,NA,NA,NA,NA,NA,NA,NA,NA,"Franke et al. (2010a)"
70,"Maiz et al. (2019)",1,152,"Consumption",0.666545947883589,0.195039068057841,0.661949079277496,0.193693971036752,1.1,0.313291580545353,0.526,NA,0.576,0.667,"0","Pre","N/A","N/A","West Europe","3","More hedonic","Physical","2","Physical with","Hedonic and physical",NA,NA,NA,NA,NA,NA,NA,NA,NA,NA,NA,NA,NA,NA,NA,"Maiz et al. (2019)"
71,"Maiz et al. (2019)",1,152,"Liking",0.525513159114591,0.193087916201706,0.521888930431042,0.191756275400315,NA,NA,0.526,NA,NA,NA,"0","Pre","N/A","N/A","West Europe","3","More hedonic","Physical","2","Physical with","Hedonic and physical",NA,NA,NA,NA,NA,NA,NA,NA,NA,NA,NA,NA,NA,NA,NA,"Maiz et al. (2019)"
72,"Dohle et al. (2014)",1,104,"Consumption",0.488286484490174,0.257757445543971,0.482157365437996,0.254521996436724,56.94,29.6194445723446,0.52,NA,NA,0.488,"0","Yes","51.61","24","West Europe","1","More hedonic","Physical","1","Physical without","Hedonic and physical",NA,NA,NA,NA,NA,NA,NA,NA,NA,NA,NA,NA,NA,NA,NA,"Dohle et al. (2014)"
73,"Dohle et al. (2014)",1,104,"Liking",0.52015301170734,0.258259671080013,0.513623894405574,0.25501791788654,0.9,0.439486503884675,0.52,NA,NA,NA,"0","Yes","51.61","24","West Europe","1","More hedonic","Physical","1","Physical without","Hedonic and physical",NA,NA,NA,NA,NA,NA,NA,NA,NA,NA,NA,NA,NA,NA,NA,"Dohle et al. (2014)"
74,"Dohle et al. (2016)",1,108,"Liking",0.0407651923454128,0.18259314747213,0.0405055414387541,0.181430133793964,0.730000000000004,3.2694352213596,0.041,NA,NA,NA,"0","Yes","100","26.07","West Europe","1","More hedonic","Physical","1","Physical without","Hedonic and physical",NA,NA,NA,NA,NA,NA,NA,NA,NA,NA,NA,NA,NA,NA,NA,"Dohle et al. (2016)"
75,"Troye & Supphellen (2012)",1,155,"Liking",0.18912074608254,0.129387714001681,0.188524150669031,0.128979550866029,NA,NA,0.189,NA,NA,NA,"0","Yes","N/A","N/A","West Europe","1","More hedonic","Physical","1","Physical without","Hedonic and physical",NA,NA,NA,NA,NA,NA,NA,NA,NA,NA,NA,NA,NA,NA,NA,"Troye & Supphellen (2012)"
76,"Troye & Supphellen (2012)",2,155,"Liking",0.755520141152993,0.240646801345646,0.747622718074738,0.238131329554576,NA,NA,0.756,NA,NA,NA,"0","Yes","40.54","23","West Europe","1","More hedonic","Physical","1","Physical without","Hedonic and physical",NA,NA,NA,NA,NA,NA,NA,NA,NA,NA,NA,NA,NA,NA,NA,"Troye & Supphellen (2012)"
77,"Troye & Supphellen (2012)",3,155,"Liking",0.45234630945048,0.204597878174325,0.448803126869928,0.202995283828312,NA,NA,0.452,NA,NA,NA,"0","Yes","52.04","33","West Europe","1","More hedonic","Physical","1","Physical without","Hedonic and physical",NA,NA,NA,NA,NA,NA,NA,NA,NA,NA,NA,NA,NA,NA,NA,"Troye & Supphellen (2012)"
78,"Sarstedt et al. (2016)",1,107,"Valuation",1.63932777944826,0.374998167863432,1.60493628757172,0.367131073432731,1.36,0.269160488224131,NA,NA,3.038,NA,"0","Yes","N/A","N/A","West Europe","1","More hedonic","Physical","1","Physical without","Hedonic and physical",NA,NA,NA,NA,NA,NA,NA,NA,NA,NA,NA,NA,NA,NA,NA,"Sarstedt et al. (2016)"
79,"Buhren & Plesner (2020) - Study 1",1,122,"Valuation",0.6106634154424,0.146907644624832,0.608274901431544,0.146333038452897,0.38,0.0893580956612443,NA,NA,NA,NA,"0","Yes","52.55","23.31","West Europe","1","More hedonic","Physical","1","Physical without","Hedonic and physical",NA,NA,NA,NA,NA,NA,NA,NA,NA,NA,NA,NA,NA,NA,NA,"Buhren & Plesner (2020)"
80,"Buhren & Plesner (2020) - Study 1",2,122,"Valuation",1.20606285777845,0.203635678474728,1.19796847618263,0.202268996068857,1.94,0.301307094029133,NA,NA,NA,NA,"0","Yes","51.75","23.31","West Europe","1","More hedonic","Physical","1","Physical without","Hedonic and physical",NA,NA,NA,NA,NA,NA,NA,NA,NA,NA,NA,NA,NA,NA,NA,"Buhren & Plesner (2020)"
81,"Erkin et al. (2018) - Study 3",3,140,"Valuation",-0.159155410758923,0.200316380318408,-0.157934269499903,0.198779425993715,-0.19,0.238760340090225,0.191,0.226,NA,NA,"1","No","26","19.03","West Europe","1","More utalitarian","Digital","1","Digital without","Utalitarian and digital",NA,NA,NA,NA,NA,NA,NA,NA,NA,NA,NA,NA,NA,NA,NA,"Erkin et al. (2018)"
82,"Wiecek et al. (2020) - Study 4",4,127,"Liking",0.197433470643588,0.140368736877114,0.196699517221121,0.1398469200114,NA,NA,0.197,NA,NA,NA,"1","No","32.35","29.43","West Europe","1","More utalitarian","Digital","1","Digital without","Utalitarian and digital",NA,NA,NA,NA,NA,NA,NA,NA,NA,NA,NA,NA,NA,NA,NA,"Wiecek et al. (2020)"
83,"Wiecek et al. (2020) - Study 3",3,127,"Liking",0.278140893454906,0.168059196956113,0.276658792779303,0.167163677256525,NA,NA,0.278,NA,NA,NA,"1","No","31.47","24.18","West Europe","1","More utalitarian","Digital","1","Digital without","Utalitarian and digital",NA,NA,NA,NA,NA,NA,NA,NA,NA,NA,NA,NA,NA,NA,NA,"Wiecek et al. (2020)"
84,"Wiecek et al. (2020) - Study 2",2,127,"Liking",0.422732622732834,0.256821496787708,0.417426355501878,0.25359779599121,NA,NA,0.423,NA,NA,NA,"1","Yes","41.13","24.11","West Europe","1","More utalitarian","Digital","1","Digital without","Utalitarian and digital",NA,NA,NA,NA,NA,NA,NA,NA,NA,NA,NA,NA,NA,NA,NA,"Wiecek et al. (2020)"
85,"Wiecek et al. (2020) - Study 2",2,127,"Valuation",0.748762268762643,0.262749803338108,0.739363579196585,0.259451688651855,NA,NA,0.423,NA,NA,NA,"1","Yes","41.13","24.11","West Europe","1","More utalitarian","Digital","1","Digital without","Utalitarian and digital",NA,NA,NA,NA,NA,NA,NA,NA,NA,NA,NA,NA,NA,NA,NA,"Wiecek et al. (2020)"
86,"Wiecek et al. (2020) - Study 1",1,127,"Liking",0.747230040256161,0.208961874428323,0.741377063439533,0.207325097344028,NA,NA,0.747,NA,NA,NA,"1","Yes","37.840000000000003","24.76","West Europe","1","More utalitarian","Digital","1","Digital without","Utalitarian and digital",NA,NA,NA,NA,NA,NA,NA,NA,NA,NA,NA,NA,NA,NA,NA,"Wiecek et al. (2020)"
87,"Wiecek et al. (2020) - Study 1",1,127,"Valuation",0.64996043143614,0.20729610787215,0.644869357560661,0.205672378567669,NA,NA,0.747,NA,NA,NA,"1","Yes","37.840000000000003","24.76","West Europe","1","More utalitarian","Digital","1","Digital without","Utalitarian and digital",NA,NA,NA,NA,NA,NA,NA,NA,NA,NA,NA,NA,NA,NA,NA,"Wiecek et al. (2020)"
88,"Erkin et al. (2018) - Study 1",1,140,"Liking",1.08127851155031,0.245905756468262,1.07028245889048,0.243405019961805,1.515,0.32188490501976,1.081,NA,NA,NA,"1","Yes","38.159999999999997","24.78","West Europe","1","More utalitarian","Digital","1","Digital without","Utalitarian and digital",NA,NA,NA,NA,NA,NA,NA,NA,NA,NA,NA,NA,NA,NA,NA,"Erkin et al. (2018)"
89,"Erkin et al. (2018) - Study 1",1,140,"Valuation",1.05235018370342,0.245078708240129,1.04164831742847,0.242586382393619,1.125,0.245594021936836,1.081,0.859,NA,NA,"1","Yes","38.159999999999997","24.78","West Europe","1","More utalitarian","Digital","1","Digital without","Utalitarian and digital",NA,NA,NA,NA,NA,NA,NA,NA,NA,NA,NA,NA,NA,NA,NA,"Erkin et al. (2018)"
90,"Erkin et al. (2018) - Study 4",4,140,"Valuation",-0.499150497858306,0.201089571539457,-0.495397486596214,0.199577619873747,-0.565,0.224154183630856,1.169,NA,NA,NA,"1","No","50","19.5","West Europe","1","More utalitarian","Digital","1","Digital without","Utalitarian and digital",NA,NA,NA,NA,NA,NA,NA,NA,NA,NA,NA,NA,NA,NA,NA,"Erkin et al. (2018)"
91,"Franke et al. (2009) - Study 1",1,143,"Valuation",0.304941382282147,0.111241699434883,0.304237129667177,0.110984790198313,0.18,0.0652851326101383,NA,NA,NA,NA,"0","No","N/A","N/A","West Europe","2","More utalitarian","Digital","2","Digital with","Utalitarian and digital",NA,NA,NA,NA,NA,NA,NA,NA,NA,NA,NA,NA,NA,NA,NA,"Franke et al. (2009)"
92,"Franke et al. (2009) - Study 2",2,143,"Valuation",0.454672207336177,0.13328091562578,0.453181478787533,0.132843929017171,0.27,0.0781436029618201,NA,NA,NA,NA,"0","No","N/A","N/A","West Europe","2","More utalitarian","Digital","2","Digital with","Utalitarian and digital",NA,NA,NA,NA,NA,NA,NA,NA,NA,NA,NA,NA,NA,NA,NA,"Franke et al. (2009)"
93,"Franke et al. (2009) - Study 2",2,143,"Valuation1",0.496041996585411,0.143579748418574,0.494160674221623,0.143035198171728,16.91,4.82103360286982,NA,NA,NA,NA,"0","No","N/A","N/A","West Europe","2","More utalitarian","Digital","2","Digital with","Utalitarian and digital",NA,NA,NA,NA,NA,NA,NA,NA,NA,NA,NA,NA,NA,NA,NA,"Franke et al. (2009)"
94,"Franke et al. (2009) - Study 2",2,143,"Valuation2",0.783863515898227,0.147491157169927,0.780860207408195,0.146926056950885,924.96,167.7180874822,NA,NA,NA,NA,"0","No","N/A","N/A","West Europe","2","More utalitarian","Digital","2","Digital with","Utalitarian and digital",NA,NA,NA,NA,NA,NA,NA,NA,NA,NA,NA,NA,NA,NA,NA,"Franke et al. (2009)"
95,"Diefenbach et al. (2018)",1,130,"Valuation",0.796454407132957,0.201811835846988,0.790696905394646,0.200352955105925,NA,NA,NA,0.733,NA,NA,"0","Yes","77.3","23.79","West Europe","3","More utalitarian","Physical","2","Physical with","Utalitarian and physical",NA,NA,NA,NA,NA,NA,NA,NA,NA,NA,NA,NA,NA,NA,NA,"Diefenbach et al. (2018)"
